year,company,scale,crackerratio,diversified,profit,oilprice,forex
2005,Delek Refining Ltd.,365.0399958,1.733475636,64.99999863,0.06742126,57.28416667,87.49333333
2005,Esso Thailand,715.9900157,1.621835468,69.17999948,0.191067147,57.28416667,87.49333333
2005,Formosa Petrochemical Co.,450,1.495311101,320.7299996,6.310533779,57.28416667,87.49333333
2005,Grupa Lotos SA,119.9999961,1.497700013,14.83000036,0.155240194,57.28416667,87.49333333
2005,Hellenic Petroleum,321.9799991,1.502984651,33.98000029,0.09962513,57.28416667,87.49333333
2005,Holly-Frontier,322.0799994,1.817794321,90.71999973,8.78823675,57.28416667,87.49333333
2005,Idemitsu Kosan Company,192.9400041,2.28683727,46.59000042,4.101949691,57.28416667,87.49333333
2005,IRPC,205.9999933,0.729931562,14.77999973,11.14165,57.28416667,87.49333333
2005,JX Nippon Oil and Energy,2181.53443,2.022377325,404.9136632,4.150377382,57.28416667,87.49333333
2005,Marathon Petroleum,1395.97999,2.241340131,499.6599952,3.868096553,57.28416667,87.49333333
2005,Motor Oil Hellas,100.0000001,2.996929905,67.35999878,0.07126159,57.28416667,87.49333333
2005,Neste Oil,409.039994,1.960809708,67.77999847,0.080215961,57.28416667,87.49333333
2005,PBF Energy Company LLC,665.9599993,2.180208992,322.5199993,1.932826677,57.28416667,87.49333333
2005,Petron,172.9999995,1.258497092,26.8599984,5.82045,57.28416667,87.49333333
2005,Phillips 66 Co.,2838.349993,2.18233677,1579.889991,1.180604928,57.28416667,87.49333333
2005,PKN Orlen,584.9999876,1.548957295,58.88999811,0.140096383,57.28416667,87.49333333
2005,Reliance Industries,760,1.295065785,55.09999847,3.205830987,57.28416667,87.49333333
2005,S-Oil,300,1.559133307,71.61999798,0.114676286,57.28416667,87.49333333
2005,Saras Raffinerie Sarde,1006.999994,0.924913883,411.3349987,4.649252527,57.28416667,87.49333333
2005,SK Corporation,574.9999845,1.157363139,299.2699942,5.327995874,57.28416667,87.49333333
2005,Thai Oil Company Ltd.,206.8399984,2.139706921,76.79999828,12.78303333,57.28416667,87.49333333
2005,Valero,2195.949961,2.581643764,1002.079995,7.15525175,57.28416667,87.49333333
2006,Delek Refining Ltd.,365.0399958,1.763855867,64.99999863,0.058687003,66.96166667,85.9075
2006,Esso Thailand,715.9900157,1.630215473,65.17999936,0.000490432,66.96166667,85.9075
2006,Formosa Petrochemical Co.,520,1.423826915,320.7299996,6.296417901,66.96166667,85.9075
2006,Grupa Lotos SA,119.9999961,1.614366685,19.8300003,0.102926034,66.96166667,85.9075
2006,Hellenic Petroleum,321.9799991,1.502984651,33.98000029,0.062591988,66.96166667,85.9075
2006,Holly-Frontier,328.7999992,2.046761543,125.7199997,9.97929175,66.96166667,85.9075
2006,Idemitsu Kosan Company,192.9400041,2.28683727,46.59000042,3.597747222,66.96166667,85.9075
2006,IRPC,205.9999933,0.729931562,14.77999973,6.01885,66.96166667,85.9075
2006,JX Nippon Oil and Energy,2181.53443,2.033378755,404.9136632,3.920835451,66.96166667,85.9075
2006,Marathon Petroleum,1395.97999,2.296498514,499.6599952,5.551289704,66.96166667,85.9075
2006,Motor Oil Hellas,100.0000001,2.996929905,67.35999878,0.06676703,66.96166667,85.9075
2006,Neste Oil,409.039994,1.960809708,67.77999847,0.058388548,66.96166667,85.9075
2006,PBF Energy Company LLC,670.9599993,2.178866073,322.5199993,2.18869828,66.96166667,85.9075
2006,Petron,172.9999995,1.258497092,26.8599984,6.094375,66.96166667,85.9075
2006,Phillips 66 Co.,2843.349993,2.21307105,1579.889991,1.374879593,66.96166667,85.9075
2006,PKN Orlen,604.9999971,1.43824794,58.88999772,0.095236121,66.96166667,85.9075
2006,Reliance Industries,760,1.295065785,55.09999847,3.144780273,66.96166667,85.9075
2006,S-Oil,299.9999847,1.567800068,83.61999655,0.072314771,66.96166667,85.9075
2006,Saras Raffinerie Sarde,1006.99998,0.940504759,424.5349984,4.487520023,66.96166667,85.9075
2006,SK Corporation,574.9999845,1.157363139,299.2699942,5.334316699,66.96166667,85.9075
2006,Thai Oil Company Ltd.,211.8399982,2.098645109,76.79999828,10.02176667,66.96166667,85.9075
2006,Valero,2245.949961,2.62701869,1002.579995,8.94328175,66.96166667,85.9075
2007,Delek Refining Ltd.,365.0399958,1.763855867,64.99999863,0.048072108,74.94416667,80.34916667
2007,Esso Thailand,715.9900157,1.635802143,65.17999936,0.523163889,74.94416667,80.34916667
2007,Formosa Petrochemical Co.,520,1.423826915,320.7299996,7.318261111,74.94416667,80.34916667
2007,Grupa Lotos SA,119.9999961,1.614366685,19.8300003,0.078568314,74.94416667,80.34916667
2007,Hellenic Petroleum,321.9799991,1.502984651,33.98000029,0.073105812,74.94416667,80.34916667
2007,Holly-Frontier,331.7999992,2.14579625,134.7199997,11.7189725,74.94416667,80.34916667
2007,Idemitsu Kosan Company,192.9400042,2.286837239,46.58999955,4.43645,74.94416667,80.34916667
2007,IRPC,205.9999933,0.729931562,14.77999973,4.957425,74.94416667,80.34916667
2007,JX Nippon Oil and Energy,2181.53443,2.095536839,404.9136632,3.52038429,74.94416667,80.34916667
2007,Marathon Petroleum,1410.97999,2.272084648,356.6599952,5.679861208,74.94416667,80.34916667
2007,Motor Oil Hellas,100.0000001,2.996929905,67.35999878,0.075137902,74.94416667,80.34916667
2007,Neste Oil,409.039994,2.072290248,186.164993,0.079189832,74.94416667,80.34916667
2007,PBF Energy Company LLC,670.9599993,2.178866073,322.5199993,2.30441187,74.94416667,80.34916667
2007,Petron,172.9999995,1.258497092,26.8599984,6.0373,74.94416667,80.34916667
2007,Phillips 66 Co.,2843.349993,2.230655941,1579.889991,1.493436113,74.94416667,80.34916667
2007,PKN Orlen,604.9999971,1.652297524,62.68999767,0.092091927,74.94416667,80.34916667
2007,Reliance Industries,760,1.295065785,55.09999847,3.306278579,74.94416667,80.34916667
2007,S-Oil,299.9999847,1.714466739,98.51999617,0.113965407,74.94416667,80.34916667
2007,Saras Raffinerie Sarde,1081.99998,0.875312653,424.5349984,4.331849306,74.94416667,80.34916667
2007,SK Corporation,574.9999671,1.157363142,299.2699802,5.651543359,74.94416667,80.34916667
2007,Thai Oil Company Ltd.,211.8399982,2.098645109,76.79999828,11.355,74.94416667,80.34916667
2007,Valero,2300.949961,2.644056858,1005.579995,10.73131175,74.94416667,80.34916667
2008,Delek Refining Ltd.,365.0399958,1.727024343,66.46497866,0.028365792,96.81666667,77.09583333
2008,Esso Thailand,715.990012,1.641388817,61.179999,-3.176,96.81666667,77.09583333
2008,Formosa Petrochemical Co.,520,1.420942299,322.2299996,6.1903,96.81666667,77.09583333
2008,Grupa Lotos SA,119.9999961,1.614366685,19.8300003,0.006968401,96.81666667,77.09583333
2008,Hellenic Petroleum,321.9799991,1.502984651,33.98000029,0.021098135,96.81666667,77.09583333
2008,Holly-Frontier,346.5999994,2.118476616,136.7311997,4.934137,96.81666667,77.09583333
2008,Idemitsu Kosan Company,827.2999972,1.730446085,175.7336983,3.72295,96.81666667,77.09583333
2008,IRPC,205.9999933,0.729931562,14.77999973,1.500875,96.81666667,77.09583333
2008,JX Nippon Oil and Energy,2181.499945,2.162511141,370.2204724,3.487936035,96.81666667,77.09583333
2008,Marathon Petroleum,1410.97999,2.257910102,354.6599954,5.916895189,96.81666667,77.09583333
2008,Motor Oil Hellas,100.0000001,2.996929905,67.35999878,0.03142059,96.81666667,77.09583333
2008,Neste Oil,409.039994,2.105294355,186.164993,0.018529509,96.81666667,77.09583333
2008,PBF Energy Company LLC,670.9599993,2.174637804,329.3569991,0.019970182,96.81666667,77.09583333
2008,Petron,172.999993,1.27260118,26.85999876,3.9429,96.81666667,77.09583333
2008,Phillips 66 Co.,2777.349993,2.273855726,1608.73236,0.019970182,96.81666667,77.09583333
2008,PKN Orlen,604.9999971,1.674280994,104.6899955,0.050781678,96.81666667,77.09583333
2008,Reliance Industries,760,1.306746049,78.02222061,3.220552822,96.81666667,77.09583333
2008,S-Oil,574.9999671,1.157363142,299.2699802,0.017889624,96.81666667,77.09583333
2008,Saras Raffinerie Sarde,299.9999847,1.79446674,114.9199948,3.947045833,96.81666667,77.09583333
2008,SK Corporation,1081.99998,1.032429107,557.7849984,5.386904688,96.81666667,77.09583333
2008,Thai Oil Company Ltd.,259.8399963,1.755684189,76.79999828,7.377775,96.81666667,77.09583333
2008,Valero,2341.949961,2.555644922,1023.719994,5.3190885,96.81666667,77.09583333
2009,Delek Refining Ltd.,300.0299937,1.735636341,36.5499998,0.040494938,61.66388889,80.69125
2009,Esso Thailand,715.990012,1.64700342,61.179999,-1.7215,61.66388889,80.69125
2009,Formosa Petrochemical Co.,540,1.513685177,332.2299996,7.53695,61.66388889,80.69125
2009,Grupa Lotos SA,119.9999961,2.047700038,84.83000149,0.047941,61.66388889,80.69125
2009,Hellenic Petroleum,321.9799991,1.587027138,33.98000029,0.059465879,61.66388889,80.69125
2009,Holly-Frontier,380.5999994,1.947619535,136.8311997,6.141033,61.66388889,80.69125
2009,Idemitsu Kosan Company,827.2999972,1.730446085,175.7336983,4.8188,61.66388889,80.69125
2009,IRPC,205.9999933,0.729931562,14.77999973,-3.798775,61.66388889,80.69125
2009,JX Nippon Oil and Energy,2071.499945,2.295446808,370.4204725,3.838357031,61.66388889,80.69125
2009,Marathon Petroleum,1410.97999,2.257910102,354.6599954,0.029079728,61.66388889,80.69125
2009,Motor Oil Hellas,100.0000001,2.996929905,67.35999878,0.055664332,61.66388889,80.69125
2009,Neste Oil,409.039994,2.203328777,186.164993,0.057759813,61.66388889,80.69125
2009,PBF Energy Company LLC,680.9599993,2.129897469,329.3569991,0.005377489,61.66388889,80.69125
2009,Petron,172.9999949,1.272601172,32.80999827,2.6471,61.66388889,80.69125
2009,Phillips 66 Co.,2777.349993,2.28485542,1608.73236,0.005377489,61.66388889,80.69125
2009,PKN Orlen,604.9999971,1.674280994,104.6899955,0.052833495,61.66388889,80.69125
2009,Reliance Industries,1390,1.853055393,205.2722206,3.151712276,61.66388889,80.69125
2009,S-Oil,574.9999671,1.157363142,308.4699797,0.072213396,61.66388889,80.69125
2009,Saras Raffinerie Sarde,299.9999847,1.861133406,115.9199948,3.90825,61.66388889,80.69125
2009,SK Corporation,1081.99998,1.032429107,557.7849984,4.93921875,61.66388889,80.69125
2009,Thai Oil Company Ltd.,259.8399963,1.755684189,76.79999828,3.12795,61.66388889,80.69125
2009,Valero,2066.949961,2.622923932,924.8799965,4.60353925,61.66388889,80.69125
2010,Delek Refining Ltd.,300.0299937,1.735636341,36.5499998,0.020766773,79.05,81.5155
2010,Esso Thailand,715.990012,1.64700342,61.179999,1.65445,79.05,81.5155
2010,Formosa Petrochemical Co.,540,1.365537029,332.2299996,9.76525,79.05,81.5155
2010,Grupa Lotos SA,209.9999881,1.370114341,84.82999675,0.072736846,79.05,81.5155
2010,Hellenic Petroleum,321.9799991,1.587027138,33.98000029,0.058941621,79.05,81.5155
2010,Holly-Frontier,391.5999994,1.968243092,136.8311997,3.3565855,79.05,81.5155
2010,Idemitsu Kosan Company,827.2999972,1.730446085,175.7336983,4.64625,79.05,81.5155
2010,IRPC,205.9999933,0.729931562,14.77999973,3.999225,79.05,81.5155
2010,JX Nippon Oil and Energy,1977.499945,2.377546432,370.4204725,4.20450625,79.05,81.5155
2010,Marathon Petroleum,1635.97999,2.27222582,356.6599954,2.967852667,79.05,81.5155
2010,Motor Oil Hellas,179.9999982,1.749211076,67.35999878,0.037859978,79.05,81.5155
2010,Neste Oil,409.039994,2.226627232,221.164993,0.045214212,79.05,81.5155
2010,PBF Energy Company LLC,680.9599993,2.017526698,328.9069991,0.003698119,79.05,81.5155
2010,Petron,172.9999915,1.272601189,32.80999851,6.72265,79.05,81.5155
2010,Phillips 66 Co.,2781.849993,2.280979636,1608.73236,0.003698119,79.05,81.5155
2010,PKN Orlen,604.9999971,1.574280994,165.6399953,0.066354013,79.05,81.5155
2010,Reliance Industries,1450,1.776377239,205.2722206,2.900577416,79.05,81.5155
2010,S-Oil,574.9999671,1.157363142,308.4699797,0.025790988,79.05,81.5155
2010,Saras Raffinerie Sarde,299.9999847,1.861133406,115.9199948,5.4067,79.05,81.5155
2010,SK Corporation,1081.99998,1.032429107,557.7849984,5.3596,79.05,81.5155
2010,Thai Oil Company Ltd.,259.8399963,1.755684189,76.79999828,5.68775,79.05,81.5155
2010,Valero,2075.949961,2.634674545,953.8799965,2.95418825,79.05,81.5155
2011,Delek Refining Ltd.,300.039992,1.852396265,62.24999866,0.051125313,104.0138889,76.32491667
2011,Esso Thailand,715.990012,1.681920108,61.179999,3.864175,104.0138889,76.32491667
2011,Formosa Petrochemical Co.,540,1.365537029,332.2299996,7.9857,104.0138889,76.32491667
2011,Grupa Lotos SA,209.9999881,1.590757208,84.82999675,0.060263069,104.0138889,76.32491667
2011,Hellenic Petroleum,221.9799991,2.317600678,29.78000049,0.03645474,104.0138889,76.32491667
2011,Holly-Frontier,459.5999994,1.896875533,203.6811992,9.7143435,104.0138889,76.32491667
2011,Idemitsu Kosan Company,827.2999972,1.730446085,175.7336983,5.539375,104.0138889,76.32491667
2011,IRPC,205.9999933,0.729931562,14.77999973,4.519475,104.0138889,76.32491667
2011,JX Nippon Oil and Energy,2027.499945,2.324339367,371.2704725,6.08475,104.0138889,76.32491667
2011,Marathon Petroleum,1651.97999,2.250823858,362.2999954,6.0106005,104.0138889,76.32491667
2011,Motor Oil Hellas,179.9999982,1.749211076,67.35999878,0.040182545,104.0138889,76.32491667
2011,Neste Oil,409.039994,2.226627232,221.164993,0.038121347,104.0138889,76.32491667
2011,PBF Energy Company LLC,680.9599993,2.017526698,328.9069991,3.952271802,104.0138889,76.32491667
2011,Petron,172.9999961,1.272601158,32.80999857,7.8112,104.0138889,76.32491667
2011,Phillips 66 Co.,2781.849993,2.28745015,1608.73236,2.540451,104.0138889,76.32491667
2011,PKN Orlen,604.9999971,1.574280994,165.6399953,0.044928236,104.0138889,76.32491667
2011,Reliance Industries,1450,1.776377239,208.5722206,3.952271802,104.0138889,76.32491667
2011,S-Oil,574.9999671,1.579971845,341.469978,0.036680542,104.0138889,76.32491667
2011,Saras Raffinerie Sarde,299.9999847,1.861133406,115.9199948,5.81415,104.0138889,76.32491667
2011,SK Corporation,1114.99998,1.149137484,870.7849984,6.92045,104.0138889,76.32491667
2011,Thai Oil Company Ltd.,259.8399963,1.755684189,76.79999828,7.679525,104.0138889,76.32491667
2011,Valero,2240.949961,2.653652523,1049.109994,4.25348525,104.0138889,76.32491667
2012,Delek Refining Ltd.,210.039992,1.906174889,33.5499998,0.064168672,104.9388889,80.42091667
2012,Esso Thailand,715.990012,1.681920108,61.179999,0.482,104.9388889,80.42091667
2012,Formosa Petrochemical Co.,540,1.513685177,332.2299996,2.5089,104.9388889,80.42091667
2012,Grupa Lotos SA,209.9999881,1.590757208,87.82999678,0.029999878,104.9388889,80.42091667
2012,Hellenic Petroleum,321.9799991,2.025532636,135.7699972,0.029259223,104.9388889,80.42091667
2012,Holly-Frontier,469.5999994,1.856482101,203.6811992,13.816195,104.9388889,80.42091667
2012,Idemitsu Kosan Company,827.2999972,1.730446085,175.7336983,3.85815,104.9388889,80.42091667
2012,IRPC,205.9999933,0.764688844,15.47999972,0.899375,104.9388889,80.42091667
2012,JX Nippon Oil and Energy,2027.499945,2.325819021,371.2704725,3.8006,104.9388889,80.42091667
2012,Marathon Petroleum,1715.97999,2.282291167,362.9499954,6.83982875,104.9388889,80.42091667
2012,Motor Oil Hellas,179.9999982,1.749211076,67.35999878,0.028258976,104.9388889,80.42091667
2012,Neste Oil,409.039994,2.226627232,221.164993,0.036488444,104.9388889,80.42091667
2012,PBF Energy Company LLC,680.9599993,2.027806303,328.9069991,5.055359,104.9388889,80.42091667
2012,Petron,172.9999961,1.272601158,32.80999857,3.9235,104.9388889,80.42091667
2012,Phillips 66 Co.,2781.849993,2.28385542,1608.73236,2.826422,104.9388889,80.42091667
2012,PKN Orlen,604.9999971,1.558578512,165.9399953,0.035767668,104.9388889,80.42091667
2012,Reliance Industries,1450,1.776377239,208.5722206,2.877649794,104.9388889,80.42091667
2012,S-Oil,574.9999671,1.579971845,341.469978,0.008550052,104.9388889,80.42091667
2012,Saras Raffinerie Sarde,299.9999847,1.861133406,115.9199948,3.517125,104.9388889,80.42091667
2012,SK Corporation,1114.99998,1.149137484,881.7849984,4.32835,104.9388889,80.42091667
2012,Thai Oil Company Ltd.,259.8399963,1.755684189,81.19999814,4.8216,104.9388889,80.42091667
2012,Valero,2135.949961,2.5992896,1352.379995,3.520748,104.9388889,80.42091667
2013,Delek Refining Ltd.,210.039992,1.906174889,33.5499998,0.03813024,104.0027778,81.50841667
2013,Esso Thailand,715.990012,1.681920108,61.179999,1.1819,104.0027778,81.50841667
2013,Formosa Petrochemical Co.,540,1.513685177,332.2299996,4.501675,104.0027778,81.50841667
2013,Grupa Lotos SA,209.9999881,1.590757208,87.82999678,0.027023945,104.0027778,81.50841667
2013,Hellenic Petroleum,321.9799991,2.025532636,135.7699972,0.002225379,104.0027778,81.50841667
2013,Holly-Frontier,469.5999994,1.883505098,203.6811992,12.2297195,104.0027778,81.50841667
2013,Idemitsu Kosan Company,827.2999972,1.730446085,175.7336983,4.0294,104.0027778,81.50841667
2013,IRPC,205.9999933,0.812261662,15.47999972,1.4763,104.0027778,81.50841667
2013,JX Nippon Oil and Energy,1922.499947,2.452846849,371.2704725,4.34565,104.0027778,81.50841667
2013,Marathon Petroleum,1725.97999,2.269068006,362.9499954,6.4734585,104.0027778,81.50841667
2013,Motor Oil Hellas,179.9999982,1.749211076,67.35999878,0.019485213,104.0027778,81.50841667
2013,Neste Oil,357.039994,2.174425847,217.4649932,0.054960935,104.0027778,81.50841667
2013,PBF Energy Company LLC,680.9599993,2.027806303,328.9069991,3.9797995,104.0027778,81.50841667
2013,Petron,172.9999961,1.272601158,32.80999857,3.360475,104.0027778,81.50841667
2013,Phillips 66 Co.,2781.849993,2.303989504,1622.73236,2.73480225,104.0027778,81.50841667
2013,PKN Orlen,604.9999971,1.608165288,165.9399953,0.020611772,104.0027778,81.50841667
2013,Reliance Industries,1450,1.776377239,208.5722206,2.876350092,104.0027778,81.50841667
2013,S-Oil,574.9999671,1.579971845,344.4699778,-0.0147928,104.0027778,81.50841667
2013,Saras Raffinerie Sarde,299.9999924,1.87780004,141.9199945,3.397825,104.0027778,81.50841667
2013,SK Corporation,1114.99998,1.158106094,881.7849984,3.148475,104.0027778,81.50841667
2013,Thai Oil Company Ltd.,259.8399963,1.755684189,81.59999812,4.899175,104.0027778,81.50841667
2013,Valero,2100.949961,2.720632392,1411.379995,4.4970525,104.0027778,81.50841667
2014,Delek Refining Ltd.,215.039992,1.861853484,33.5499998,0.063114404,96.45,83.12941667
2014,Esso Thailand,715.990012,1.681920108,61.179999,-1.089075,96.45,83.12941667
2014,Formosa Petrochemical Co.,540,1.513685177,332.2299996,4.69135,96.45,83.12941667
2014,Grupa Lotos SA,209.9999881,1.590757208,87.82999678,-0.0235352,96.45,83.12941667
2014,Hellenic Petroleum,321.9799991,2.025532636,135.7699972,-0.008868802,96.45,83.12941667
2014,Holly-Frontier,469.5999994,1.884782781,203.6811992,5.7035195,96.45,83.12941667
2014,Idemitsu Kosan Company,783.3399981,1.627132592,195.7336983,2.268425,96.45,83.12941667
2014,IRPC,205.9999933,0.812261662,15.47999972,1.378625,96.45,83.12941667
2014,JX Nippon Oil and Energy,1742.699944,2.707923389,371.2704725,2.0845,96.45,83.12941667
2014,Marathon Petroleum,1757.97999,2.255068884,512.9499954,4.86980875,96.45,83.12941667
2014,Motor Oil Hellas,179.9999982,1.749211076,67.35999878,0.004417979,96.45,83.12941667
2014,Neste Oil,344.9999943,2.192582621,217.4649932,0.031121932,96.45,83.12941667
2014,PBF Energy Company LLC,680.9599993,2.027806303,328.9069991,3.114407,96.45,83.12941667
2014,Petron,172.9999961,1.275641621,132.8099986,3.4204,96.45,83.12941667
2014,Phillips 66 Co.,2802.849993,2.318837327,1707.73236,2.32333175,96.45,83.12941667
2014,PKN Orlen,604.9999971,1.608165288,165.9399953,-0.024072539,96.45,83.12941667
2014,Reliance Industries,1450,1.776377239,208.5722206,1.896037976,96.45,83.12941667
2014,S-Oil,574.9999731,1.57997185,344.4699901,-0.006651028,96.45,83.12941667
2014,Saras Raffinerie Sarde,299.9999924,1.87780004,141.9199945,1.638225,96.45,83.12941667
2014,SK Corporation,1114.99998,1.340249593,907.7849984,0.84055,96.45,83.12941667
2014,Thai Oil Company Ltd.,259.8399963,1.755684189,81.59999812,3.545,96.45,83.12941667
2014,Valero,2166.949961,2.630615668,1403.179995,4.99220375,96.45,83.12941667
2015,Delek Refining Ltd.,230.039992,1.766531788,33.5499998,0.037432037,50.96944444,96.84066667
2015,Esso Thailand,715.990012,1.681920108,61.179999,-1.7147,50.96944444,96.84066667
2015,Formosa Petrochemical Co.,540,1.513685177,332.2299996,6.169375,50.96944444,96.84066667
2015,Grupa Lotos SA,209.9999881,1.590757208,87.82999678,0.046795222,50.96944444,96.84066667
2015,Hellenic Petroleum,321.9799991,2.025532636,135.7699972,0.060631035,50.96944444,96.84066667
2015,Holly-Frontier,473.5999994,1.87308698,256.6811992,8.5785085,50.96944444,96.84066667
2015,Idemitsu Kosan Company,763.3399981,1.669764515,195.7336983,-0.940075,50.96944444,96.84066667
2015,IRPC,205.9999933,0.812261662,15.47999972,5.081475,50.96944444,96.84066667
2015,JX Nippon Oil and Energy,1736.699944,2.717278799,371.2704725,0.316775,50.96944444,96.84066667
2015,Marathon Petroleum,1757.97999,2.286354792,512.9499954,8.77515,50.96944444,96.84066667
2015,Motor Oil Hellas,179.9999982,1.749211076,67.35999878,0.068613119,50.96944444,96.84066667
2015,Neste Oil,344.9999943,2.192582621,244.364994,0.092284256,50.96944444,96.84066667
2015,PBF Energy Company LLC,680.9599993,2.027835674,328.9069991,2.609124,50.96944444,96.84066667
2015,Petron,172.9999961,2.543849709,152.109999,4.814125,50.96944444,96.84066667
2015,Phillips 66 Co.,2802.849993,2.318837327,1707.73236,5.57295,50.96944444,96.84066667
2015,PKN Orlen,604.9999971,1.608165288,165.9399953,0.065757216,50.96944444,96.84066667
2015,Reliance Industries,1450,1.776377239,208.5722206,11.897075,50.96944444,96.84066667
2015,S-Oil,574.9999731,1.57997185,344.4699901,0.060657424,50.96944444,96.84066667
2015,Saras Raffinerie Sarde,299.9999924,1.87780004,141.9199945,3.675475,50.96944444,96.84066667
2015,SK Corporation,1114.99998,1.340249593,911.5349984,3.792075,50.96944444,96.84066667
2015,Thai Oil Company Ltd.,259.8399963,1.755684189,81.59999812,4.45835,50.96944444,96.84066667
2015,Valero,2336.949961,2.475246631,1426.279995,8.74269975,50.96944444,96.84066667
2016,Delek Refining Ltd.,230.039992,1.000447617,219.2799962,0.016912816,43.20555556,97.22658333
2016,Esso Thailand,715.990012,0.779547181,707.270002,5.227225,43.20555556,97.22658333
2016,Formosa Petrochemical Co.,540,0.675925926,784.6199952,16.51485,43.20555556,97.22658333
2016,Grupa Lotos SA,209.9999881,1.194042899,196.9399959,0.136702432,43.20555556,97.22658333
2016,Hellenic Petroleum,321.9799991,1.037722832,453.8249973,0.12382877,43.20555556,97.22658333
2016,Holly-Frontier,489.5999994,1.048067805,698.8411955,4.1078775,43.20555556,97.22658333
2016,Idemitsu Kosan Company,763.3399981,0.785518968,871.9836929,3.035875,43.20555556,97.22658333
2016,IRPC,205.9999933,0.445125741,160.109997,10.10415,43.20555556,97.22658333
2016,JX Nippon Oil and Energy,1727.799944,1.313327958,2912.040439,3.22835,43.20555556,97.22658333
2016,Marathon Petroleum,1757.97999,1.470241977,2210.159992,7.95036175,43.20555556,97.22658333
2016,Motor Oil Hellas,179.9999982,1.069655521,189.6799975,0.098037759,43.20555556,97.22658333
2016,Neste Oil,344.999994,1.339800018,627.8649874,0.130524948,43.20555556,97.22658333
2016,PBF Energy Company LLC,673.9599993,1.390282784,797.1869926,3.3026795,43.20555556,97.22658333
2016,Petron,260.9999944,0.967800765,435.8999912,8.805525,43.20555556,97.22658333
2016,Phillips 66 Co.,2802.849993,1.411196898,4336.652325,5.07206575,43.20555556,97.22658333
2016,PKN Orlen,604.9999971,1.00439669,531.2199953,0.114013948,43.20555556,97.22658333
2016,Reliance Industries,1450,0.991549653,1346.572221,16.11665,43.20555556,97.22658333
2016,S-Oil,574.9999731,1.044510974,742.3599757,0.09095747,43.20555556,97.22658333
2016,Saras Raffinerie Sarde,299.9999924,1.357900034,297.8899924,8.82885,43.20555556,97.22658333
2016,SK Corporation,1114.99998,0.707227171,1717.354987,9.446425,43.20555556,97.22658333
2016,Thai Oil Company Ltd.,259.8399963,1.003259629,277.1099931,10.380425,43.20555556,97.22658333
2016,Valero,2335.94996,1.416801551,4073.829981,8.84363125,43.20555556,97.22658333
2017,Delek Refining Ltd.,230,1.801043478,35.25,0.04637402,52.79166667,95.79058333
2017,Esso Thailand,716,1.688030726,61,5.531875,52.79166667,95.79058333
2017,Formosa Petrochemical Co.,540,1.514814815,333,19.023,52.79166667,95.79058333
2017,Grupa Lotos SA,210,1.710285714,88,0.12573175,52.79166667,95.79058333
2017,Hellenic Petroleum,322,2.026583851,136.13,0.107241892,52.79166667,95.79058333
2017,Holly-Frontier,499,1.902685371,269.96,6.582054,52.79166667,95.79058333
2017,Idemitsu Kosan Company,728,1.764848901,186.05,7.063425,52.79166667,95.79058333
2017,IRPC,206,1.146650485,16,8.9908,52.79166667,95.79058333
2017,JX Nippon Oil and Energy,1648,2.855424757,346.23,6.641725,52.79166667,95.79058333
2017,Marathon Petroleum,1799,2.307392996,516.47,6.96557625,52.79166667,95.79058333
2017,Motor Oil Hellas,180,1.746777778,66,0.079085956,52.79166667,95.79058333
2017,Neste Oil,345,2.146347826,327,0.116957597,52.79166667,95.79058333
2017,PBF Energy Company LLC,674,2.160074184,330,3.882513,52.79166667,95.79058333
2017,Petron,261,2.048735632,152,9.4782,52.79166667,95.79058333
2017,Phillips 66 Co.,2808,2.353130342,1714.93,3.85701825,52.79166667,95.79058333
2017,PKN Orlen,605,1.609123967,165.77,0.113728912,52.79166667,95.79058333
2017,Reliance Industries,1450,1.776586207,244,15.300675,52.79166667,95.79058333
2017,S-Oil,575,1.580278261,344,0.067830884,52.79166667,95.79058333
2017,Saras Raffinerie Sarde,300,1.879133333,142,9.3297,52.79166667,95.79058333
2017,SK Corporation,1115,1.339910314,912,8.170075,52.79166667,95.79058333
2017,Thai Oil Company Ltd.,260,1.756538462,82,10.8194,52.79166667,95.79058333
2017,Valero,2344,2.532700512,1427.96,6.35639175,52.79166667,95.79058333
2018,Delek Refining Ltd.,230.039992,1.807828955,33.5499998,0.080132903,68.56944444,93.5985
2018,Esso Thailand,715.990012,1.690300114,61.179999,5.27785,68.56944444,93.5985
2018,Formosa Petrochemical Co.,540,1.513685177,332.2299996,14.598375,68.56944444,93.5985
2018,Grupa Lotos SA,209.9999881,1.713614352,87.82999678,0.122028384,68.56944444,93.5985
2018,Hellenic Petroleum,321.9799991,2.025532636,135.7699972,0.071963528,68.56944444,93.5985
2018,Holly-Frontier,498.5999994,1.901111099,268.1195992,12.3713075,68.56944444,93.5985
2018,Idemitsu Kosan Company,728.3399981,1.763734032,187.0036987,7.093575,68.56944444,93.5985
2018,IRPC,205.9999933,1.14721313,15.47999972,8.777725,68.56944444,93.5985
2018,JX Nippon Oil and Energy,1647.299946,2.856248463,344.6104735,7.1337,68.56944444,93.5985
2018,Marathon Petroleum,1798.97999,2.313458735,515.9499954,8.287235,68.56944444,93.5985
2018,Motor Oil Hellas,179.9999982,1.749211076,67.35999878,0.052483224,68.56944444,93.5985
2018,Neste Oil,344.999994,2.145437698,327.6649939,0.09762391,68.56944444,93.5985
2018,PBF Energy Company LLC,673.9599993,2.156322303,328.9069991,4.91905775,68.56944444,93.5985
2018,Petron,260.9999944,2.055118766,152.109999,7.3014,68.56944444,93.5985
2018,Phillips 66 Co.,2807.849993,2.354631906,1709.57236,4.8081145,68.56944444,93.5985
2018,PKN Orlen,604.9999971,1.608165288,165.9399953,0.08996736,68.56944444,93.5985
2018,Reliance Industries,1450,1.776377239,244.5722206,15.950575,68.56944444,93.5985
2018,S-Oil,574.9999731,1.882580546,372.06999,0.014807731,68.56944444,93.5985
2018,Saras Raffinerie Sarde,299.9999924,1.87780004,141.9199945,7.5531,68.56944444,93.5985
2018,SK Corporation,1114.99998,1.340249593,911.5349984,6.638225,68.56944444,93.5985
2018,Thai Oil Company Ltd.,259.8399963,1.755684189,81.59999812,8.668725,68.56944444,93.5985
2018,Valero,2343.94996,2.531678412,1426.279995,6.00188725,68.56944444,93.5985